# Comments start with a hashtag because of how CSV is read,"<a href=""tel:+1555-555-5555"">1.555.555.5555</a>",,,,thriv.life/LINK,"<a href=""SITE-LINK"" target=""_blank"">LIST-NAME</a>"
Resource,Hotline Phone/Text,Resource Description,Keywords,Region/Language,ShortLink,Website
# ATTN: SUSPENDED AUG 2020 Fenway Health Helpline,"(25+) <a href=""tel:+1617-267-9001"">1.617.267.9001</a> or (25 and under) <a href=""tel:+1617-267-2535"">1.617.267.2535</a>","Not 24/7! 25+ M-Sa 6pm-11pm ET; <25 M-Sa 5p-11pm. Fenway Health provides information, help, and referrals to LGBT callers. Provide medical and mental health support. They have a Sidney Borum Jr Center that serves LGBTQ+ people 12-29.","LGBTQ, hotline",,thriv.life/Fenway,https://fenwayhealth.org/care/wellness-resources/help-lines/
# ATTN: Very limited resource Black Trans Travel Fund,,An organization that provides Black transgender women in New York and New Jersey with financial and material resources for safer travel options. They offer a monthly literature program.,"LGBTQ, gender identity",,thriv.life/BTTF,https://www.blacktranstravelfund.com/
2 Spirited People of the 1st Nations,"<a href=""tel:+1437-288-7963"">1.437.288.7963</a>",Toronto-based online community group offering resources and support for the Aboriginal 2-Spirit community. M-F 9:30am-6pm ET.,"LGBTQ, hotline, gender identity, Indigenous",,thriv.life/2SP1N,https://www.facebook.com/pages/category/Charity-Organization/2-Spirited-People-of-the-1st-Nations-1841697149379183/
211 (identify local resources),,"A comprehensive source of locally curated social services information in the US and Canada. Includes helping find assistance with food, housing, disaster relief, employment, education, veteran services, healthcare, etc.",general,,thriv.life/211,https://www.211.org/
24-7 Prayer,,"An international, interdenominational movement of prayer, mission, and justice that hosts non-stop prayer meetings and prayer posts.",religion,,thriv.life/247-Pray,https://www.24-7prayer.com/
7 Simple Grounding Techniques for Calming Down Quickly,,A post on ways to calm down quickly.,mental health,,thriv.life/7-Ground,https://drsarahallen.com/7-ways-to-calm/
99 coping skills,,A list of 99 different coping skills.,mental health,,thriv.life/99-Coping,https://www.yourlifeyourvoice.org/Style%20Library/99%20Coping%20Skills%20Poster.pdf
A OK Podcast,,A podcast that hosts interviews with people on the asexual and aromantic. Spectrums.,LGBTQ,,thriv.life/AOKpod,https://www.aokpod.com/
Accessibility 101: STEM Edition,,A public Canvas course on building STEM courses for accessibility.,"disability, education",,thriv.life/Access-101,https://sbctc.instructure.com/courses/1698678
AccessSTEM,,"Information about universal design principles, rights, resources, and accommodations for making STEM more accessible to people with disabilities.","disability, education",,thriv.life/AccessSTEM,https://www.washington.edu/doit/programs/accessstem/overview
Accomodation Guidance,,Legal guidance regarding the rights and responsibilities of employers under ADA regarding reasonable accommodations and undue hardship.,"legal, disability",,thriv.life/AccomHardship,https://www.eeoc.gov/laws/guidance/enforcement-guidance-reasonable-accommodation-and-undue-hardship-under-ada
Addiction Center,,"A referral service that provides information and resources about addiction,  addiction treatment practitioners, and facilities.",health,,thriv.life/AddCent,https://www.addictioncenter.com/
Affirmation,,"Organization supporting LGBTQIA+ Mormons who are trying to understand their queerness and the church. Has online groups, resources, etc.","LGBTQ, religion",,thriv.life/Affirmation,https://affirmation.org/about/
AIS-DSD Support Group,,A support group for those who are intersex,LGBTQ,,thriv.life/AIS-DSD,http://aisdsd.org/
American Chronic Pain Association,,"An organization that provides education and support for people with pain. Their website includes information about clinical trials, conditions and treatments, and pain management.","disability, education, support",,thriv.life/ACPA,https://www.theacpa.org/
Anger Diary,,A means for reflecting on anger triggers and responses.,mental health,,thriv.life/AngerDiary,https://www.therapistaid.com/worksheets/anger-diary.pdf
Anti-depressant skills workbook,,This book teaches you about depression and about antidepressant skills you can use to manage depression.,mental health,,thriv.life/ADSkillsWB,https://d3mh72llnfrpe6.cloudfront.net/wp-content/uploads/2018/02/09210135/asw-english.pdf
Anti-Violence Project (AVP),"<a href=""tel:+1212-714-1141"">1.212.714.1141</a>","AVP empowers lesbian, gay, bisexual, transgender, queer, and HIV-affected communities and allies to end all forms of violence through organizing and education, and supports survivors through counseling and advocacy. Has a 24/7 hotline for those who have experienced or witnessed violence personally, or are worried about someone else who has. Also offers support in Spanish.","LGBTQ, general, hotline",Español,thriv.life/AVP,https://avp.org/get-help/call-our-hotline/
Anxiety and Depression Association of America Online Resources,,Online Resources on a variety of topics regarding to mental health.,mental health,,thriv.life/AnxDepAssoc,https://adaa.org/living-with-anxiety/ask-and-learn/resources
Arocalypse,,A forum to discuss and connect with others about aromanticism.,LGBTQ,,thriv.life/Arocalypse,https://www.arocalypse.com/
Art Therapy,,"Digital activities page from Michael O'Mara Books, including a host of online colouring activities, quizzes, and downloadable extras. You can color these 'live' online or print out downloadable pages.","general, coping",,thriv.life/ArtTherapy,https://www.mombooks.com/mom/online-activities
Asexual Visibility and Education Network,,"Resources on asexuality, including FAQs for family and friends.","LGBTQ, education",,thriv.life/Ace,https://asexuality.org/
Asexuality Archive,,A collection of resources on asexuality.,LGBTQ,,thriv.life/AceArc,http://www.asexualityarchive.com/
Assistive Tech,,A database of assistive products for people people with disabilities.,"disability, support",,thriv.life/AssistTech,http://assistivetech.net/search/products_for_disability.php
Autism Source,,A database of services and resources for autistic individuals and their families.,"disability, general, support",,thriv.life/ASD-source,https://source.autism-society.org/autismsource/
Bee's Fund Microgrants,,"Awarded to help lesbian, bisexual, transgender, and queer women as well as non-binary and gender nonconforming individuals who have lost family support because of their sexual orientation or gender identity. Applicants must be between 16 and 26 years old and reside in the United States.","LGBTQ, general, aid",,thriv.life/BeesFund,https://www.stonewallfoundation.org/grants
BeeLine Reader,,"A number of apps, extensions, and more that add a color gradient to text that can reduce screen fatigue and increase reading speed. Prices are clearly labeled, and they offer a student discount.","disability, education",,thriv.life/BeeLineRead,https://www.beelinereader.com/
Beyond My Battle,,"Free, online support groups for patients and caregivers managing any kind of disability or illness.","disability, support",,thriv.life/BeyondBattle,https://www.beyondmybattle.org/support-groups
Believe Out Loud,,"A community that affirms that ALL people are worthy of G-d's love, with resources for finding affirming faith communities.","LGBTQ, religion",,thriv.life/BelieveOutLoud,https://www.believeoutloud.com/
Beyond OCD,,"A wealth of useful information about OCD, its symptoms, effects, treatments, and more.","mental health, education",,thriv.life/BeyondOCD,https://beyondocd.org/
Beyond the Professoriate,,"Resources for helping graduate students and people with PhDs have meaningful careers in industry, non-profits, higher education administration, faculty, and the private sector.","STEMM, career",,thriv.life/BeyondProf,https://beyondprof.com/
Birth Control Across the Gender Spectrum,,A PDF guide comparing and contrasting different birth control methods using gender-inclusive language.,"LGBTQ, health",,thriv.life/BC,https://www.reproductiveaccess.org/wp-content/uploads/2018/06/bc-across-gender-spectrum.pdf
Birthing and Breast or Chestfeeding Trans People and Allies,,"Facebook group with information and experiences about pregnancy, birth, and nursing among trans and genderfluid/neutral people.","LGBTQ, gender identity, health",,thriv.life/TransReproSupport,https://www.facebook.com/groups/TransReproductiveSupport/
Black Emotional and Mental Health Collective,,"Resources, tool kits, and training dedicated to the emotional and mental health and healing of Black communities.",mental health,,thriv.life/BEAM,https://www.beam.community/
Black Trans COVID-19 Community Response Grant,,Micro grants for trans people of color.,"COVID-19, aid",,thriv.life/C19-BTgrant,https://blacktrans.org/coronavirus-grant/
Black Trans Free COVID-19 Care Packages,,Care packages with personal protective equipment for trans people of color.,"COVID-19, aid",,thriv.life/C19-BTcare,https://blacktrans.org/services/care-package/
Blackboard Ally File Transformer,,"Converts from common file formats to more accessible file formats, including electronic braille and Beeline Reader.","disability, COVID-19",,thriv.life/C19-BBally,https://ally.ac/covid19/
BlackLine,"<a href=""tel:+1800-604-5841"">1.800.604.5841</a>",A 24/7 hotline dedicated to people in crisis or who have an interaction with law enforcement or vigilantes.,hotline,,thriv.life/BlackLine,https://www.callblackline.com/frequently-asked-questions
Black Lives Matter Meditations,,Audio-based meditations for healing racial trauma and cultivating an anti-racist mindset by Dr. Candice Nicole.,"mental health, coping",,thriv.life/BLM-Meditations,http://drcandicenicole.com/2016/07/black-lives-matter-meditation/
Bisexual Resource Center,,"Provides resources, support, and celebration to the bi+ community (bisexual, pansexual, and queer). Offers a number of brochures and tips on coming out, sexual and mental health, inclusion, and intersectionality.","LGBTQ, education",,thriv.life/BiRes,https://biresource.org/
Boys Town National Hotline,"<a href=""tel:+1800-448-3000"">1.800.448.3000</a> or text VOICE to <a href=""sms:20121&body=VOICE"">20121 </a>",A free resource and counseling service that assists youth and parents 24/7. Offers support in Spanish and over 100 other languages through interpretation services.,"under 18, hotline, parent",Español,thriv.life/BoysTown,https://www.boystown.org/hotline/Pages/default.aspx
Budget Bytes,,A website with recipes for cooking and meal prepping on a budget.,general,,thriv.life/BudgetBytes,https://www.budgetbytes.com/
<i>Bueno y Barato</i> libro de cocina,,A free PDF of the Good and Cheap cookbook translated into Spanish. This cookbook is for eating well on less than $4 per day.,general,Español,thriv.life/BuenoYBarato,https://books.leannebrown.com/bueno-y-barato.pdf
California Alliance for Minority Participation (CAMP),,"Statewide initiative that aims to support and retain underrepresented undergraduates to achieve their degrees in the biological sciences, physical sciences, mathematics, and engineering.","STEMM, education",,thriv.life/CAMP,http://stemdiv.ucsc.edu/camp/
Calm Harm App,,Calm Harm iprovides tasks to help you resist or manage the urge to self-harm. Calm Harm is an app developed for teenage mental health using the basic principles of an evidence-based therapy called Dialectical Behavioral Therapy (DBT).,"mental health, app",,thriv.life/CalmHarm,https://calmharm.co.uk/
Campus Pride,,"Programs and services to create safer, more inclusive college campuses.","LGBTQ, general",,thriv.life/CampusPride,https://www.campuspride.org/
Carson's Village,,"Information about making funeral arrangements after the death of a loved one, and provides a timeline and links to resources.","general, grief",,thriv.life/Carson,https://carsonsvillage.org/
Centerlink,,Network of LGBTQ+ community centers. They have a map for finding local support.,"LGBTQ, general",,thriv.life/Centerlink,https://www.lgbtcenters.org/
Centers for Disease Control,,Publishes the guidelines people should adhere to and maintains up-to-date information about current health threats.,COVID-19,,thriv.life/CDC,https://www.cdc.gov/
Changing Lives by Integrating Mind and Body (CLIMB) Podcast,,A podcast that helps to incorporate mindfulness and stress management in your everyday life. Available in English and Spanish,"mental health, coping",Español,thriv.life/CLIMB,https://www.cigna.com/individuals-families/health-wellness/climb-mindfulness-podcasts
Child Care,,"Government site for finding state-specific local resources on child care, health and social services, financial assistance, support for children with special needs, and more.","general, parent",,thriv.life/ChildCare,https://www.childcare.gov/index.php/state-resources-home
Childhelp National Child Abuse Hotline,"<a href=""tel:+1800-422-4453"">1.800.4.A.CHILD (2.24453)</a>","A 24/7, free and confidential hotline for child abuse victims, parents, and concerned individuals serving the US and Canada. They support interpretation for 170 languages.","under 18, hotline, parent",,thriv.life/Childhelp,https://www.childhelp.org/hotline/
Children and Adults with ADD/ADHD (CHADD),,A clearinghouse for information on ADHD and offers support and advocacy.,"disability, support",,thriv.life/CHADD,https://chadd.org/
Científico Latino,,"Organization that provides mentorship, open-access resources on scholarships, fellowships and blog posts on professional development to undergraduate, graduate, and professional students.","STEMM, education",,thriv.life/CientLatin,https://www.cientificolatino.com
Científico Latino Graduate Student Mentorship Initiative,,A mentorship program intended to connect underrepresented students applying to graduate programs with STEM professionals that have been through the graduate school process.,"STEMM, education",,thriv.life/CientLatinGSMI,https://www.cientificolatino.com/gsmi
COLAGE: Children of Lesbians and Gays Everywhere,,An organization that supports LGBTQ+ caregivers and provides a network of peers and supporters.,LGBTQ,,thriv.life/COLAGE,https://www.colage.org/
College Guide for LGBTQ Students,,"Resources for LGBTQ+ specific scholarships, tips for determining if a college is LGBTQ+ friendly, and more.","LGBTQ, education",,thriv.life/LGBTQ-college,https://www.affordablecolleges.com/resources/lgbtq-college-resources/
Color Me PhD,,"Free, all-ages coloring books featuring PhD research in science and engineering. ","general, coping",,thriv.life/ColorMePhD,https://www.colormephd.org/
Coming Out Handbook,,Book about exploring identity and think through how to share their identities with others.,"LGBTQ, education",,thriv.life/ComingOutHandbook,https://www.thetrevorproject.org/wp-content/uploads/2019/10/Coming-Out-Handbook.pdf
Consortium of Higher Education,,A member-based organization by the LGBT Resource Professionals working towards the liberation of LGBTQ people in higher education,"LGBTQ, education, career",,thriv.life/ConsortHigherEd,https://www.lgbtcampus.org/
Coping with Gender Dysphoria,,A PDF on ways to cope with gender dysphoria.,"LGBTQ, mental health, gender identity",,thriv.life/Coping-Gender-Dys,https://www.telethonkids.org.au/globalassets/media/documents/brain--behaviour/sparx-t/coping-with-gender-dysphoria.pdf
Coronavirus Checker,,Screening tool for COVID-19 symptoms based on CDC guidelines and gives recommendations for care.,COVID-19,,thriv.life/C19-Checker,https://c19check.com/start
Coursera,,Free online courses in a variety of subjects. Also pairs with universities for paid degree programs. ,"STEMM, education",,thriv.life/Coursera,https://www.coursera.org/
Crisis Text Line,"Text LGBTQ to <a href=""sms:741741&body=LGBTQ"">741-741</a>","Crisis Text Line is a global not-for-profit organization providing free confidential crisis intervention via SMS message. The organization's services are available 24 hours a day, every day, throughout the US, UK, and Canada",hotline,,thriv.life/CTL,https://www.crisistextline.org
Cyber Civil Rights Initiative,"<a href=""tel:+1844-878-2274"">1.844.878.CCRI (2274)</a>","Legal information and resources for victims of online abuses, such as non-consensual pornography and recorded sexual assault. Maintains a 24/7 crisis helpline with interpretation available.",hotline,,thriv.life/CCRI,https://www.cybercivilrights.org/
Daily Strength,,"Support groups of a variety of topics including mental health, health, and LGBTQ.","LGBTQ, mental health, health",,thriv.life/DailyStrength,https://www.dailystrength.org/
Dance Workout: Tribute to Black Lives,,"This dance workout is an outlet for healing, empowerment, love and celebration.","mental health, coping",,thriv.life/Dance-BLM,https://www.youtube.com/watch?v=gecvVOj7rg4&feature=youtu.be
DBT Behavior Chain Analysis Activity,,Dialectical Behavioral Therapy (DBT) activity to complete after self-harm and borderline personality disorder episodes. Used to identify triggers and gain insight into how to alter behavior patterns.,"mental health, coping",,thriv.life/DBTact,https://www.dbtselfhelp.com/html/behavior_chain_analysis.html
DBT Behavior Chain Analysis Worksheet,,Dialectical Behavioral Therapy (DBT) worksheet to complete after self-harm and borderline personality disorder episodes. Used to identify triggers and gain insight into how to alter behavior patterns.,"mental health, coping",,thriv.life/DBTws,https://cls.unc.edu/files/2014/10/Behavior-Chain-Analysis-Information-1.pdf
Dear Black Women Project,,An affirmation movement for Black women by Black women. They have a daily affirmation text program.,mental health,,thriv.life/DBWP,https://www.dearblackwomenproject.com/
Demisexuality Resource Center,,A resource database for demisexuality.,LGBTQ,,thriv.life/DemiRes,http://demisexuality.org/
Distant Together,,Mental health resources during COVID-19.,"COVID-19, mental health",,thriv.life/C19-DT,http://www.distanttogether.org/
<i>Eating for Health</i>,,A free PDF cookbook of healthful meals that are accessible to the budgets of people with chronic illnesses living on SNAP (roughly $4/day).,"general, health, disability",,thriv.life/Eating4Health,https://cornell.app.box.com/s/16obldol0b7kqnccoya6qn4fw1wc2hki
Empower Work,"Text HELLO to <a href=""sms:1-510-674-1414&body=HELLO"">510-674-1414</a>",A text line for discussing work issues with trained peer counselors. Website also features a web-based chat.,"general, hotline",,thriv.life/EmpWork,https://www.empowerwork.org/
Entry Point!,,"Identifies and recruits students with apparent and non-apparent disabilities who are majoring in science, engineering, mathematics, computer science, and some fields of business for internship and co-op opportunities","STEMM, education",,thriv.life/EntryPoint,https://www.aaas.org/programs/entry-point
Equaldex,,A resource of statuses of LGBT rights and topics around the world,"LGBTQ, education",,thriv.life/Equaldex,https://www.equaldex.com/
Ergonomic Products for Laboratory Accommodations,, A PDF of lab equipment and products compiled by UC Santa Cruz for accommodating people with disabilities in the lab.,"disability, education",,thriv.life/ErgonomicLab,https://ehs.ucsc.edu/programs/ergo/documents/lab-ergo-products.pdf
Familia: TQLM,,"Familia: Trans Queer Liberation Movement works to achieve the liberation of trans, queer, and gender non-conforming Latinx people.","LGBTQ, education",,thriv.life/TQLM,https://familiatqlm.org/programs/
Feed Our Vets,,An organization that provides free food assistance to veterans and their families.,"general, veteran",,thriv.life/FeedVets,https://feedourvets.org/
Find Help,,"Search for free or reduced cost services like medical care, food, job training, and more. Formerly known as Aunt Bertha.",general,,thriv.life/FindHelp,https://www.findhelp.org
Finding Help for Someone Else,,Resource guide for people who are looking for mental health help for someone else.,"mental health, education",,thriv.life/Help4Some1,https://www.mentalhealthamerica.net/im-looking-mental-health-help-someone-else
Ford Fellowship,,"A fellowship program aimed at increasing diversity at the faculty-level. Awards are at the pre-doctoral, dissertation, and post-doctoral stages.","STEMM, funding",,thriv.life/FordFellow,https://sites.nationalacademies.org/PGA/FordFellowships/index.htm
FTM Surgery Guide,,Directory of surgeons and describes differences between surgical procedures for trans masculine folks.,"LGBTQ, gender identity, health",,thriv.life/FTMSurgery,https://www.ftmsurgery.net/
Future Docs with Disabilities Mentoring Program,,Rolling mentorship program for people with disabilities wanting to become physicians.,"disability, education",,thriv.life/DisabledDocs,https://twitter.com/disabled_docs/status/1292452047204290560?s=10
GenderBands,,"Annual surgery and HRT grant program for trans people with solicitations in both English and Spanish. Currently has online support gatherings for trans youth, trans people 18+, trans people 40+, and parents of trans kids.","LGBTQ, gender identity, health, aid, parent",Español,thriv.life/GenderBands,https://www.genderbands.org/
Gender Spectrum,,"A comprehensive collection of research, resources, and stories to help any parent, family member, or guardian learn more about gender diversity.","LGBTQ, gender identity, education",,thriv.life/GenderSpectrum,https://www.genderspectrum.org/resources/parenting-and-family-2/
Gingerbread,,"UK charity for single parent families providing advice and support, as well as an online forum.","general, support, parent",UK,thriv.life/Gingerbread,https://www.gingerbread.org.uk/
GLAAD Media Reference Guide,,"Information for reporting on and supporting people, including LGBTQ+ terms, information on current issues, and more. Web-based version has a link to a PDF version.","LGBTQ, education",,thriv.life/GLAAD-Media,https://www.glaad.org/reference#guide
GLAAD Resource List,,"LGBTQIA+ resource list classified by various topics, including: politics, sexual orientation, gender identity, military, legal, etc.","LGBTQ, general",,thriv.life/GLAAD-Res,https://www.glaad.org/resourcelist
Glean,,"A note-taking tool that can combine slides, audio recordings, and text in one place. Offers a free, unlimited access trial, and includes pricing information in their FAQ.","disability, education",,thriv.life/Glean,https://glean.co/
Glimmer,,"A safe and empowering online space for womxn, QTBIPOC+, and LGBTQIA+ communities.","LGBTQ, Indigenous, support",,thriv.life/Glimmer,https://weglimmer.com/#/
<i>Good and Cheap</i> Cookbook,,A free PDF cookbook for eating well on less than $4 per day.,general,,thriv.life/GoodCheapBook,https://cookbooks.leannebrown.com/good-and-cheap.pdf
GoodRx,,"Prescription prices, coupons, and pharmacy information.",general,,thriv.life/GoodRx,https://www.goodrx.com/
Google Chrome Deadname Remover Extension,,A Google Chrome browser extension that alters webpages to mask a former name/dead name.,"LGBTQ, gender identity",,thriv.life/GC-DeadnameExt,https://chrome.google.com/webstore/detail/deadname-remover/cceilgmnkeijahkehfcgfalepihfbcag
Grad Write Slack,,"An virtual writing group for graduate students and post-doctoral students. The community also has discussions on mental health, self-care, motivation, goal setting, and accountability.","STEMM, education",,thriv.life/GradWriteSlack,https://gradwritingslack.wixsite.com/gradwriteslack
Graduate Student Funding Opportunities,,A list of fellowships maintained by Johns Hopkins and includes deadlines and eligibility. ,"education, funding",,thriv.life/GradFunding,https://research.jhu.edu/rdt/funding-opportunities/graduate/
GRE Exit List (GRExit),,A list of STEM graduate programs choosing not to require GRE scores for admission.,"STEMM, education",,thriv.life/GRExit,https://beyondthegre.org/grexit/
Guide to Allyship,,An open-source guide to being an ally to any community.,"LGBTQ, education",,thriv.life/Guide2Allyship,https://guidetoallyship.com/
Habitica,,"A free habit-forming and productivity app (web, iOS, and Android) that gamifies tasks. Also offers paid group plans with pricing information listed on their website.","general, coping",,thriv.life/Habitica,https://habitica.com/static/home
HealGrief,,Social support network and resources for processing grief and honoring loved ones and pets.,"mental health, grief",,thriv.life/HealGrief,https://healgrief.org/#
Healthcare: Know Your Rights,,Information on insurance coverage and discrimination for transition-related care.,"LGBTQ, gender identity, health",,thriv.life/TE-Healthcare,https://transequality.org/know-your-rights/healthcare
HelpGuide,,"Evidence-based self-help articles on a variety of topics including communication, mental health, relationships, family, aging, and wellness.","general, mental health",,thriv.life/HelpGuide,https://www.helpguide.org/
Help with Bills,,Information about government programs for temporary assistance.,COVID-19,,thriv.life/Help-w-Bills,https://www.usa.gov/help-with-bills
Help with Taxes,,Information for free assistance with US tax return preparation.,general,,thriv.life/Help-w-Taxes,https://www.usa.gov/help-with-taxes
Hemingway Editor,,Website and desktop app that offers suggestions for improving language and writing and assesses the reading level of written works.,education,,thriv.life/HemingwayEditor,http://www.hemingwayapp.com/
Hidayah,,"Inclusive, secular UK-based organization supporting LGBTQI+ Muslims and promoting social justice.","LGBTQ, religion",UK,thriv.life/Hidayah,https://www.hidayahlgbt.com/
HIV Risk Reduction Tool,,Information on behaviors that increase or decrease HIV transmission risk.,"LGBTQ, health",,thriv.life/HIV-Risk,https://wwwn.cdc.gov/hivrisk/
HIV.gov,,"Government resource that provides HIV resources, programs and federal policies to the American public",health,,thriv.life/HIV,https://www.hiv.gov/
Holiday Self-Care Tips for LGBTQ+ People,,Six self-care tips for LGBTQ+ people during the winter months.,"LGBTQ, mental health, coping",,thriv.life/HolidayLGBTQ,https://www.bustle.com/p/6-ways-queer-people-can-practice-self-care-over-the-holidays-26009
Homeless Shelter Directory,,A resource to help locate local homeless shelters and service organizations.,general,,thriv.life/HomelessShelters,https://www.homelessshelterdirectory.org/index.html
How to Stay Calm During a Coronavirus Outbreak,,"Information on protecting yourself, managing anxiety, and setting realistic expectations.",COVID-19,,thriv.life/C19-StayCalm,https://www.wikihow.com/Deal-with-Coronavirus-Anxiety
How to Support Bisexual Youth,,A guide on how to support bisexual youth or young people who are attracted to more than one gender.,"LGBTQ, education",,thriv.life/SupportBiYouth,https://www.thetrevorproject.org/wp-content/uploads/2020/09/How-to-Support-Bisexual-Youth.pdf
How to Support Someone with Suicidal Thoughts,,"Thorough support information, including an instructional section toward the bottom on ""How can I help someone who is feeling suicidal?"" and resources for those in the UK.","mental health, education",UK,thriv.life/HelpSomeoneUK,https://www.rethink.org/advice-and-information/carers-hub/suicidal-thoughts-how-to-support-someone/
HRC State maps of laws and policies,,All LGBTQIA+ laws / policies broken down by state.,"LGBTQ, legal",,thriv.life/HRC-Laws,https://www.hrc.org/state-maps
HRC's LGBTQ+ Scholarship Database,,A database divided by state of scholarships for LGBTQ+ undergraduate & graduate students.,"STEMM, funding",,thriv.life/HRC-Schol,https://www.hrc.org/resources/scholarship-database
Human Rights Campaign,,Topical information and provides scores for states and county legal protection of LGBTQ+ individuals.,"LGBTQ, general",,thriv.life/HRC,https://www.hrc.org
I am not Haraam,,A tumblr blog with resources and blog posts from and by LGBTQIA+ Muslims,"LGBTQ, religion",,thriv.life/NotHaraam,https://iamnotharaam.tumblr.com/
I'm Muslim And My Gender Doesn't Fit Me: A Resource For Trans Muslim Youth,,A book for transgender Muslim youth about understanding gender and religious identity.,"LGBTQ, religion",,thriv.life/MuslimGender,https://advocatesforyouth.org/wp-content/uploads/2019/05/Im-Muslim-My-Gender-Doesnt-Fit-Me.pdf
ILGA Sexual Orientation Travel Maps,,World maps that highlight different legal restrictions for LGBTQ+ people.,"LGBTQ, education",,thriv.life/ILGA-Maps,https://ilga.org/maps-sexual-orientation-laws
"ILGA World- the International Lesbian, Gay, Bixexual, Trans and Intersex Assoication",,A worldwide federation that advocates for LGBT rights and provides resources on LGBT laws and issues around the world,"LGBTQ, education",,thriv.life/ILGA,https://ilga.org/
IGLTA,,The world's leading network of LGBTQ welcoming tourism businesses that provides travel resources and information.,LGBTQ,,thriv.life/IGLTA,https://www.iglta.org/
Inclusive Therapists,,"Online directory of professionals that affirm all intersectional identities and strive to be anti-discrimination, anti-oppression, anti-stigma, anti-racist & anti-ableist.","LGBTQ, health",,thriv.life/IncTherapists,https://www.inclusivetherapists.com/
Indian Health Service Healthcare,,"An interactive map to find Indian Health Service, Tribal or Urban Indian Health Program facilities.","LGBTQ, Indigenous",,thriv.life/IHS-Healthcare,https://www.ihs.gov/findhealthcare/
Insight Timer,,"Free meditation app (iOS and Android) for sleep, anxiety, and stress. Also has free yoga courses.","mental health, coping, app",,thriv.life/InsightTimer,https://insighttimer.com/
Integral Care,"<a href=""tel:+1512-472-4357"">512.472.HELP (4357)</a>",A 24/7 mental health hotline with crisis support. ,"hotline, mental health",,thriv.life/IntegralCare,https://integralcare.org/en/247-crisis-helpline/
InterACT: Advocates for Intersex Youth,,Organization that advocates for intersex youth and provides resources for intersex people.,"LGBTQ, education",,thriv.life/InterACT,https://interactadvocates.org/
Interactive Self-Care Guide,,"An interactive flow chart for people who struggle with self care, executive dysfunction, and/or who have trouble reading internal signals.","mental health, coping",,thriv.life/IntSelfCare,https://philome.la/jace_harr/you-feel-like-shit-an-interactive-self-care-guide/play/index.html
International Bipolar Foundation,,Provides resources about bipolar disorder.,mental health,,thriv.life/IntBipolar,https://ibpf.org/
International OCD Foundation Apps List,,"A list of mobile apps for managing OCD that have been scored for credibility, data transparency, cost, and availability.","mental health, coping, app",,thriv.life/IntOCD-Apps,https://iocdf.org/ocd-apps/
Interpersonal Effectiveness in Dialectical Behavior Therapy,,"Information on better interpersonal communication skils, including DEAR MAN, GIVE, and FAST methods.","general, mental health",,thriv.life/DBT-Interpers,https://www.goodtherapy.org/blog/interpersonal-effectiveness-dialectical-behavior-therapy-dbt-0416134
It Gets Better Resource List,,Over 1100 organizations in 40+ countries supporting the LGBTQ+ community.,"LGBTQ, general",interational,thriv.life/IGB-Res,https://itgetsbetter.org/get-help/
James Madison University Chemistry REU,,"An REU program that integrates Deaf, hearing, and sign language interpreting students in chemical research.","STEMM, education, disability, career",,thriv.life/JMU-REU,https://www.jmu.edu/chemistry/reu/
Job Accommodation Network,,Example ADA accomodations and resources for a more accessible workplace.,"disability, career",,thriv.life/JAN,https://askjan.org/
Keshet,,Organization for LGBTQ+ equality in Jewish life.,"LGBTQ, religion",,thriv.life/Keshet,https://www.keshetonline.org/
KeshetUK,,Organization for LGBTQ+ equality in Jewish life in the UK.,"LGBTQ, religion",UK,thriv.life/KeshetUK,https://www.keshetuk.org/
Khan Academy,,"A gamified site with high-quality educational videos for a variety of courses. Also offers test-prep resources for the LSAT, Praxis, and MCAT. ","STEMM, education",,thriv.life/KhanAcad,https://www.khanacademy.org/
Kinship,,"A safe spiritual and social community to former and current lesbian, gay, bisexual, transgender, and intersex Seventh-day Adventists, their families, and those who support them.","LGBTQ, religion",,thriv.life/Kinship,https://www.sdakinship.org/
Lambda Legal,,Provides information about legal rights for LGBTQIA+ people and their families on a national and state-by-state basis.,"LGBTQ, legal",,thriv.life/LL,https://www.lambdalegal.org
Latinx Therapy,,"Directory of Latinx therapists with  options to search by cultural identity, specialty, and accepted insurance.",mental health,,thriv.life/LatinxTherapy,https://latinxtherapy.com/find-a-therapist/
Leaving an Abusive Relationship,,Information from the US Office on Women's Health on the things to consider when fleeing an abusive relationship or domestic violence. Includes a list of important items to pack.,general,,thriv.life/LeavingAbuse,https://www.womenshealth.gov/relationships-and-safety/domestic-violence/leaving-abusive-relationship
Learning Ally,,"Subscription-based audiobooks for people with documented print disabilities (e.g., learning, visual). Fees are clearly marked on their site.","disability, STEMM, education",,thriv.life/LearningAlly,https://learningally.org/Solutions-for-Home/College-Adults/Join
"Lesbian, Gay, Bisexual and Transgender Foreign Travel Advice",,Resources and advice for LGBT tourists travelling abroad by the UK government,LGBTQ,UK,thriv.life/LGBT-Travel,https://www.gov.uk/guidance/lesbian-gay-bisexual-and-transgender-foreign-travel-advice
Liberate App,,A daily meditation app by and for Black people. Liberate is free on iOS and Android and offers a premium subscription service with prices listed on their site.,"mental health, coping, app",,thriv.life/Liberate-App,https://liberatemeditation.com/
Liberating Jasper,,Resource with weekly virtual eating disorder support groups for queer and BIPOC people at sliding scale cost ($5 - $20).,"LGBTQ, mental health",,thriv.life/Lib-Jasper,https://www.liberatingjasper.com/offerings
Lifeline for Vets,"<a href=""tel:+1888-777-4443"">1.888.777.4443</a>",Provides a vet-to-vet helpline for veterans and their families.,"hotline, veteran",,thriv.life/VetLL,https://nvf.org/lifeline-for-vets/
LivingWorks,,Organization that provides evidence-based training on mental health and suicide prevention.,"mental health, education",,thriv.life/LivingWorks,https://www.livingworks.net/
LGBT Centers Directory,,A directory of LGBT community centers within CenterLink.,LGBTQ,,thriv.life/LGBT-Direct,https://www.lgbtcenters.org/LGBTCenters
LGBT Health Services,,CDC's page on LGBT health that lists resources and clinics by state.,"LGBTQ, health",,thriv.life/LGBT-Health,https://www.cdc.gov/lgbthealth/health-services.htm
LGBTQ+ Dog Snobs,,"A Facebook group for LGBTQ+ dog lovers to chat, rant, and commiserate. Supportive place for those mourning the loss of a dog.","LGBTQ, grief",,thriv.life/LGBT-Dogs-FB,https://www.facebook.com/groups/793845668030145
LL - Updating and Amending School Records,,"An FAQ on how FERPA requires schools to keep accurate records, enabling transgender students to update their information after a legal name/gender marker change, even after graduated.","LGBTQ, gender identity, legal",,thriv.life/LL-SchoolRecords,https://www.lambdalegal.org/know-your-rights/article/youth-ferpa-faq
Loosid App,,"Loosid is an app for community-building among sober people, and for support with sobriety.","mental health, app",,thriv.life/Loosid,https://loosidapp.com/
Love Is Respect,"<a href=""tel:+1866-331-9474"">1.866.331.9474</a> or TTY <a href=""tel:+1800-787-3224"">1.800.787.3224</a> or text LOVEIS to <a href=""sms:+18663319474&body=LOVEIS"">1.866.331.9474</a>",Hotline and website for information and resources on teen and young adult relationship violence and abuse. They have resources pertaining to Title IX violations.,hotline,,thriv.life/LoveIsRespect,https://www.loveisrespect.org/
Managing Distress After a Shooting,,Tips for coping after being affected by a mass shooting.,mental health,,thriv.life/MassShooting,https://www.apa.org/topics/mass-shooting
MannMukti,,"An online community and podcast that aims to destigmatize South Asian mental health issues, improve awareness, and promote self-care.","mental health, education",,thriv.life/MannMukti,https://www.mannmukti.org/
Many Voices,,A Black church movement for gay and transgender justice. Some of their resources include blessings and affirming rituals.,"LGBTQ, religion",,thriv.life/ManyVoices,https://www.manyvoices.org/
Map of All US Informed Consent Clinics,,A crowd-sourced map of all the US clinics offering informed consent for hormone replacement therapy (HRT).,"LGBTQ, gender identity, health",,thriv.life/US-IC-Map,https://www.google.com/maps/d/viewer?mid=1DxyOTw8dI8n96BHFF2JVUMK7bXsRKtzA&ll=32.923285016608446%2C-96.93652308423873&z=10
Mathway,,"A web-based math assistance program created by Chegg. Offers support for pre-algebra through calculus, statistics, and linear algebra.","STEMM, education",,thriv.life/Mathway,https://www.mathway.com/
Medisafe App,,Pill reminder app for both Android and iOS. The app can also warn about potential drug interactions and give refill reminders. The paid version removes banner ads.,"health, app",,thriv.life/Medisafe,https://www.medisafeapp.com/
Mental Health First Aid,,Mental Health First Aid is a skills-based training course that teaches participants about mental health and substance-use issues.,"mental health, education",,thriv.life/MHFA,https://www.mentalhealthfirstaid.org/
Mentorship for Underrepresented STEM Enthusiasts (MUSE),,A mentorship program intended to connect underrepresented students to STEM professionals sharing their identities.,"STEMM, education",,thriv.life/MUSE,https://www.musementorship.com/
Mermaids UK,"<a href=""tel:+44.80880.10400"">0808.801.0400</a>","Organization supporting transgender, non-binary, and gender-diverse youth in the UK. Their site maintains a resource list about all things gender transition. They have a helpline and webchat on M-F 9a-9p BT.","under 18, hotline, LGBTQ, gender identity",UK,thriv.life/MermaidsUK,https://mermaidsuk.org.uk/
MHA - Talking to Your Parents About Mental Health,,Guidance for overcoming some comment statements that people use to avoid discussing mental health with family members.,"mental health, education",,thriv.life/MHA-Parents,https://www.mhanational.org/time-talk-talking-your-parents
Microsoft Ada Lovelace Fellowship,,"A 3-year fellowship for underrepresented PhD students, explicitly including LGBTQ+ identities.","STEMM, funding",,thriv.life/Microsoft-Fellow,https://www.microsoft.com/en-us/research/academic-program/ada-lovelace-fellowship/
Minority PostDoc,,"A website with resources on funding, fellowships, mentoring, and diversity issues for upcoming and current post-doctoral scholars.","STEMM, education, career",,thriv.life/MinorityPD,https://www.minoritypostdoc.org/
Minority Serving Institutions Partnership Program (MSIPP),,"Offers internships to help develop our future workforce in critically important areas of science, engineering, technology, and mathematics (STEM).","STEMM, education",,thriv.life/MSIPP,https://www.anl.gov/education/minority-serving-institutions-partnership-program
Minority University Research and Education Project (MUREP),,"Enhance the research, academic and technology capabilities of MSIs through multiyear cooperative agreements.","STEMM, education",,thriv.life/MUREP,https://www.nasa.gov/stem/murep/about/index.html
Modern Military Association of America,,A non-profit organization that advances fairness and equality for the LGBTQ military and veteran community,LGBTQ,,thriv.life/ModMil,https://modernmilitary.org/
More Than Two,,A guide to polyamory and ethical non-monogamy in relationships.,relationships,,thriv.life/MoreThan2,https://www.morethantwo.com/
mRelief,,A simplified process for determining food stamp qualification and registration.,COVID-19,,thriv.life/mRelief,https://www.mrelief.com/
MTF Surgery Guide,,Directory of surgeons and describes differences between surgical procedures for trans feminine folks.,"LGBTQ, health",,thriv.life/MTFSurgery,https://www.mtfsurgery.net/
Muslim Alliance for Sexual and Gender Diversity,,"A working group to support, empower and connect LGBTQ Muslims.","LGBTQ, religion",,thriv.life/MuslimAlliance,http://www.muslimalliance.org/
Mutual Aid Hub,,Map of local mutual aid networks and food resources.,"general, aid",,thriv.life/MutAidHub,https://www.mutualaidhub.org/
My3 App,,"MY3 is an app for individuals who may be having thoughts of suicide, or who have a history of suicidal behavior. It is designed to help these individuals stay safe during when they are experiencing thoughts of suicide.","mental health, app",,thriv.life/My3,https://my3app.org/
MyLife App,,"A guided meditation app for both Android and iOS. Check in with how you're feeling, and try short activities tuned to your emotions. Offers premium content for a fee.","mental health, app",,thriv.life/MyLife,https://my.life/
myIDP,,A free web-based career planning tool tailored for PhD students and post-docs to help users develop and individual development plan.,"STEMM, education, career",,thriv.life/MyIDP,https://myidp.sciencecareers.org/
myPlan App,,"A tool to help with safety decisions if you, or someone you care about, is experiencing abuse in their intimate relationship. *Includes LGBTQIA+ relationships.","LGBTQ, general, app",,thriv.life/MyPlan,https://www.myplanapp.org/#home
MyTransHealth,,Online directory of trans-affirming healthcare providers.,"LGBTQ, gender identity, health",,thriv.life/MyTransHealth,https://mytranshealth.com/
My Noise,,A website where users can change set their own optimal background noise (or use preset values) to help them focus and tune out distractions.,"education, coping",,thriv.life/MyNoise,https://mynoise.net/
NAACP Know Your Rights,,What to do if you're pulled over by the police.,general,,thriv.life/NAACP-Rights,https://www.naacp.org/wp-content/uploads/2016/04/Racial_Profiling_Know_Your_Rights_Supplement_6-12-12.pdf
NACME Scholarships,,Scholarships for underrepresented minority students in engineering and computer science.,"STEMM, education, funding",,thriv.life/NACME-Schol,https://www.nacme.org/about-us/scholarships
National Alliance on Mental Illness (NAMI),"<a href=""tel:+1800-950-6264"">1.800.950.6264</a>","Information on mental illness symptoms, seeking help, education, and mental health advocacy. Helpline Hours: M-F 10am-6pm ET","mental health, hotline",,thriv.life/NAMI,https://www.nami.org/home
National Bail Fund,,Directories for protest support bail funds and community-led bail and bond funds for pretrial and immigration bail.,"general, aid",,thriv.life/NatBailFund,https://www.communityjusticeexchange.org/nbfn-directory
National Center for Transgender Equality: Know Your Rights,,"The NCTE's topic-based legal information, including for employment, health care, housing, and immigration.","LGBTQ, gender identity, legal",,thriv.life/NCTE-Rights,https://transequality.org/know-your-rights
National Domestic Violence/Abuse Hotline,"<a href=""tel:+1800-799-7233"">1.800.799.7233</a> or TTY <a href=""tel:+1800-787-3224"">1.800.787.3224</a>","The National Domestic Violence Hotline is a 24-hour confidential service for survivors, victims and those affected by domestic violence, intimate partner violence and relationship abuse.",hotline,,thriv.life/NatDV,https://www.thehotline.org
National Grad Crisis Line,"<a href=""tel:+1877-472-3457"">1.877.GRAD.HLP (472-3457)</a>",A 24/7 crisis hotline for graduate students.,"hotline, education",,thriv.life/NatGradCrisis,https://gradresources.org/crisis/
National LGBTQ Task Force,,"An organization that advances for the full freedom, justice, and equality for LGBTQ people through action",LGBTQ,,thriv.life/NatLGBTQ,https://www.thetaskforce.org/
National Parent Helpline,"<a href=""tel:+1855-427-2736"">1.855.4A.PARENT (27-2736)</a>",A helpline to assist in becoming an empowered and stronger parent. Hours: M-F 1pm ET - 10pm ET.,hotline,,thriv.life/NatParentHelp,https://www.nationalparenthelpline.org/
National Queer and Trans Therapists of Color Network,,NQTTCN maintains an online directory of queer and trans therapists of color that provide mental health services for other queer and trans people of color.,"LGBTQ, health",,thriv.life/NQTTCN,https://www.nqttcn.com/
National Resource Center on LGBT Aging,,Resources on aging and relevant topics for LGBT people.,"LGBTQ, mental health, health",Español,thriv.life/NatLGBTAging,https://www.lgbtagingcenter.org/resources/resources.cfm?s=31
National Runaway Switchboard,"<a href=""tel:+1800.786.2929"">1.800.RUNAWAY (786.2929)</a> or text <a href=""sms:66008"">66008</a>","A 24/7 non-judgmental hotline for runaway, homeless and at-risk youth and their families at their most vulnerable moments.","under 18, hotline",,thriv.life/NatRunaway,https://www.1800runaway.org/
National Sexual Assault Hotline (RAINN),"<a href=""tel:+1800-656-4673"">1.800.656.HOPE (4673)</a>",The National Sexual Assault Hotline is a 24-hour confidential service for survivors of sexual assault.,hotline,,thriv.life/RAINN,https://www.rainn.org
National Suicide Prevention Lifeline,"<a href=""tel:+1800-273-8255"">1.800.273.TALK (8255)</a> / Spanish <a href=""tel:+1888-628-9454"">1.888.628.9454</a>","The Lifeline provides 24/7, free and confidential support for people in distress, prevention and crisis resources for you or your loved ones, and best practices for professionals.",hotline,Español,thriv.life/NSPL,https://suicidepreventionlifeline.org
Native American Rights Fund (NARF),,"A legal organization dedicated to defending the rights of Native American tribes, organizations, and people.","legal, Indigenous",,thriv.life/NARF,https://www.narf.org/
NeedyMeds,"<a href=""tel:+1800-503-6897"">1.800.503.6897</a>",Information about applying for prescription assistance programs and additional information about affording medications.,health,,thriv.life/NeedyMeds,https://www.needymeds.org/pap
Neutrois,,Information about non-binary neutrois gender identities.,"LGBTQ, gender identity",,thriv.life/Neutrois,http://neutrois.com/
Never Use Alone,"<a href=""tel:+1800-484-3731"">1.800.484.3731</a>",A non-judgmental hotline for people taking drugs to call as a safeguard against accidental overdose.,"hotline, mental health",,thriv.life/NeverUseAlone,http://neverusealone.com/
NIH Postbaccalaureate Research Education Program (PREP) Program,,A research-focused program for underrepresented individuals in the biomedical sciences who are interested in pursuing a research-focused doctoral degrees. The program actively seeks to create opportunities for people with disabilities.,"STEMM, education, disability, career",,thriv.life/NIH-PREP,https://www.nigms.nih.gov/training/PREP/Pages/default.aspx
NOAA EPP/MSI Undergraduate Scholarship Program,,he NOAA EPP/MSI Undergraduate Scholarship provides funds for two years of undergraduate study to rising junior undergraduate students majoring in STEM fields that directly support NOAA's mission. Participants conduct research at a NOAA facility during two paid summer internships. Only U.S. citizens and U.S. nationals attending Minority Serving Institutions as defined by the US Department of Education are eligible to apply.,"STEMM, education, funding",,thriv.life/EPP,https://www.noaa.gov/office-education/epp-msi/undergraduate-scholarship
NOGLSTP Out to Innovate,,STEM scholarships for undergraduate & graduate students who are LGBTQ+ or active allies.,"STEMM, funding",,thriv.life/NOGLSTP,https://www.noglstp.org/programs-projects/scholarships/
Northwest Portland Area Indian Health Board (NPAIHB) Text Line,"Text LGBTQ2S to <a href=""sms:97779&body=LGBTQ2S"">97779</a> to receive resources via text message.",Text to learn more about Two Spirit and LGBTQ+ Health.,"LGBTQ, hotline",,thriv.life/NPAIHB,http://www.npaihb.org/2slgbtq/
Now Matters Now (DBT),,Skills and support for coping with suicidal thoughts based on Dialectical Behavior Therapy.,mental health,,thriv.life/NowMattersNow,https://www.nowmattersnow.org/about
NSF Search for an REU,,Site that lists all active NSF-funded Research Experience for Undergraduates (REU) programs.,"STEMM, education, career",,thriv.life/NSF-REU,https://www.nsf.gov/crssprgm/reu/reu_search.jsp
Online Resources for Science Laboratories (POD),,A Google Doc of different open-access materials for lab courses.,"STEMM, education",,thriv.life/POD-Labs,https://docs.google.com/spreadsheets/d/18iVSIeOqKjj58xcR8dYJS5rYvzZ4X1UGLWhl3brRzCM/edit#gid=0
Open Counseling,,"Online directory for finding local, affordable counseling.",mental health,,thriv.life/OpenCounseling,https://www.opencounseling.com/
Open Library,,Online Library with free book downloads.,general,,thriv.life/OpenLibrary,https://openlibrary.org/
oSTEM Affinity Groups,,A directory of affinity groups (community support groups) where people can meet and discuss experiences with others that share a similar identity.,"LGBTQ, STEMM",,thriv.life/oSTEM-Affinity,https://www.ostem.org/page/affinity-groups
oSTEM Community Relief Emergency Fund,,This is the application for our oSTEM Community Relief Emergency Fund. This fund is to help our community with any urgent financial needs due to housing insecurity and limited resources during this public health crisis.,"LGBTQ, general",,thriv.life/C19-oSTEM-Relief,https://forms.gle/XJhBDbDAkB1Snc2B7
oSTEM COVID-19 Additional Resources,,Additional resources in response to COVID-19 compiled by oSTEM volunteers.,"LGBTQ, general",,thriv.life/C19-oSTEM-Doc,https://docs.google.com/document/d/1ZGNXmPa9dS22ZVSdW3nuJv5MVGO-hSnKo_dV0X_1-Ac/edit?usp=sharing
oSTEM COVID-19 Resources (General Page),,"A list of oSTEM resources in response to COVID-19. Includes the oSTEM response statement, Crisis Text Line, oSTEM Squad Slack, Emergency Fund Application, Event Calendar, and other resources.","LGBTQ, general",,thriv.life/C19-oSTEM-Res,https://ostem.org/page/covid-19-resources
oSTEM Crisis Resources (Quick Link),,"A list of LGBTQIA+ support resources, including crisis hotlines and other services.","LGBTQ, general",,thriv.life/oSTEM-Crisis,https://ostem.org/305556/Page/Show?ClassCode=Page&Slug=crisis-hotlines
oSTEM Global Discord,,A professional Discord server for oSTEM's community to have discussions and be social.,"LGBTQ, general",,thriv.life/oSTEM-Discord,https://discord.gg/UXQMDhp
oSTEM Pronouns and Why They Matter,,This guide is designed to be shared with those who may not be familiar with pronouns and the different pronouns that people might use.,"LGBTQ, gender identity, education",,thriv.life/oSTEM-Pronouns,https://ostem.blob.core.windows.net/webfiles/Resources/ostem_pronounguide_legal.pdf
oSTEM Squad Slack,,oSTEM's virtual community which includes a multitude of resources and channels. Meeting place for the oSTEM affinity groups (community support groups).,"LGBTQ, general",,thriv.life/oSTEM-Slack,https://tinyurl.com/ostemsquadslack
Our Children,,"A Q&A-style book for families of lesbian, gay, bisexual, transgender, gender-expansive, and queer youth and adults.","LGBTQ, education",,thriv.life/OurChildren,https://pflag.org/sites/default/files/OUR%20CHILDREN_PFLAGNational_FINAL.pdf
Our Trans Loved Ones,,"A Q&A-style book about transgender and gender expansive people for parents, families, and friends.","LGBTQ, education, parent",,thriv.life/OurTransLovedOnes,https://pflag.org/sites/default/files/Our%20Trans%20Loved%20Ones.pdf
OutCare Health,,"A list of LGBTQ+ healthcare resources in the United States. Includes resources for primary care, mental health services, youth groups, shelters, support groups, and STI testing.","LGBTQ, health, mental health",,thriv.life/OutCare,https://www.outcarehealth.org/resources/
Out in Tech (Slack),,A messaging app where members of the LGBTQ community in STEM can join and connect with each other.,"LGBTQ, STEMM",,thriv.life/OutInTech-Slack,https://outintech.slack.com/join/shared_invite/zt-hrwq4l8n-R8stIc7QsZqeY4EE~k25Vw#/
Partnership Education Program (PEP),,10-week program designed primarily for college juniors and seniors who want to spend a summer gaining practical experience in marine and environmental science.,"STEMM, education",,thriv.life/PEP,https://www.woodsholediversity.org/pep/
Pathways to Science,,"Directory of programs, internships, and fellowships for those in STEM at any career stage.","STEMM, education, funding",,thriv.life/Path2Science,https://www.pathwaystoscience.org/index.aspx
Patients Like Me,,"A data-driven online community for sharing stories and information about health conditions, symptoms, and treatments.","disability, health",,thriv.life/PatientsLikeMe,https://www.patientslikeme.com/
PEACE Wellness Collective,,"The PEACE Wellness Collective was created by 5 Black women whose goal is to provide mental health and wellness resources to the black community. They offer therapy for individuals, family, and couples.",mental health,,thriv.life/PEACE-Wellness,https://www.pwcla.com/
PEP 101,,English and Spanish CDC fact sheet on post-exposure prophylaxis (PEP) [start within 3 days after HIV exposure].,"LGBTQ, health",Español,thriv.life/PEP-101,https://www.cdc.gov/hiv/pdf/library/consumer-info-sheets/cdc-hiv-consumer-info-sheet-pep-101.pdf
PFLAG,,"Provides LGBTQIA+ community and their loved ones with information, tools, resources, advocacy, education, and support.","LGBTQ, general",,thriv.life/PFLAG,https://pflag.org
PhD Balance,,An online community that focuses on empowering graduate students.,"mental health, education",,thriv.life/PhD-Balance,https://www.phdbalance.com/
PhD Parent,,"An online community for academic parents and carers for moral support, encouragement, and advice.","STEMM, parent",,thriv.life/PhD-Parent,https://the-phd-parent.mn.co/
PhD Students,,"Articles, blog posts, and resources for preparing for, applying to, and succeeding in graduate school. Also offers thesis and dissertation-phase advice and tips for after graduate school.","STEMM, education",,thriv.life/PhD-Students,https://www.phdstudent.com/
Physician Support Line,"<a href=""tel:+1888-409-0141"">1.888.409.0141</a>","A support line staffed by psychiatrists to help US medical students and physicians navigate the intersections of their personal and professional lives. Available 7 days a week, 8:00AM - 1:00AM ET","hotline, STEMM",,thriv.life/PhysSupportLine,https://www.physiciansupportline.com/
Planned Parenthood,,Reproductive healthcare. Many offer HRT for trans people.,general,,thriv.life/PP,https://www.plannedparenthood.org/
Point Foundation,,"National LGBTQ+ scholarship fund for ""out"" undergraduate and graduate students","STEMM, funding",,thriv.life/PointFound,https://pointfoundation.org/point-apply/application-faqs/
Point of Pride,,"Offers a lot of transition-related funding/services, such as a chest binder donation program and trans feminine shapewear program.","LGBTQ, gender identity",,thriv.life/PoP,https://pointofpride.org/
Point of Pride COVID-19 Fund,,Funding for trans people to cover trans community needs.,COVID-19,,thriv.life/C19-PoP-Fund,https://pointofpride.org/covid-19-emergency-fund/
Poison Control,"<a href=""tel:+1800-222-1222"">1.800.222.1222</a>",Poison control is a 24/7 hotline with information on poison emergencies.,hotline,,thriv.life/PoisonControl,https://www.webpoisoncontrol.org/
Porn Addicts Anonymous,,12 step program for overcoming porn addition -- steps involve G-d.,sexual health,,thriv.life/PAdAnon,https://www.pornaddictsanonymous.org/
PrEP 101,,English and Spanish CDC fact sheet on pre-exposure prophylaxis (PrEP).,"LGBTQ, health",Español,thriv.life/PrEP-101,https://www.cdc.gov/hiv/pdf/library/consumer-info-sheets/cdc-hiv-consumer-info-sheet-prep-101.pdf
PRIDE in Practice,,LGBTQ+ health care education -- clinical articles and resources.,"LGBTQ, health",,thriv.life/PRIDE-Practice,https://www.prideinpractice.org/
PRIMED2,,A sex guide for trans men into men (explicit).,"LGBTQ, gender identity, sexual health",,thriv.life/PRIMED2,https://www.rainbowhealthontario.ca/wp-content/uploads/woocommerce_uploads/2011/02/15GMS004_primedguide-redo_vFA_booklet_ENG_web.pdf
Prism App,,An app (Android and iOS) that can manage a personal budget and keep track of paychecks and bill schedules.,"general, app",,thriv.life/Prism,https://www.prismmoney.com/
Purebread Enthusiasts,,A Facebook group for people who love purebred animals. Supportive place for those mourning the loss of a pet.,general,,thriv.life/Purebred-FB,https://www.facebook.com/groups/3184667541596805
QChristian,,Online forum for queer people of Christian faiths.,"LGBTQ, religion",,thriv.life/Qchristian,https://community.qchristian.org
QTBIPOC Eating Disorder Facebook Support Group,,"A supportive space for queer and trans Black, Indigenous, and people of color (QTBIPOC) who struggle with eating disorders (EDs).","LGBTQ, mental health, Indigenous",,thriv.life/QTBIPOC-ED-FB,https://www.facebook.com/groups/qtbipoc.ed.support
Queer Doc,,"Online, sliding scale access to HRT, gender-marker changes, PrEP, birth control, STI/STD testing, surgery, and mental health for trans individuals.","LGBTQ, mental health, health",,thriv.life/QueerDoc,https://queerdoc.com/services/
"Question, Persuade, Refer (QPR)",,Suicide prevention training for individuals and organizations.,"mental health, education",,thriv.life/QPR,https://qprinstitute.com/
RAD Remedy,,"Connect trans, gender non-conforming, intersex, and queer individuals to comprehensive care in order to improve individual and community health.","LGBTQ, gender identity",,thriv.life/RAD-Remedy,https://www.radremedy.org/
Rainbow Alliance of the Deaf,,"A non-profit organization to establish and maintain a society of Def GLBT to encourange and promote their educational, economical, and social welfare.",LGBTQ,,thriv.life/DeafRAD,https://www.deafrad.org/
Rainbow Bridge,,An online support community for those grieving a pet loss. The community observes a weekly candle lighting ceremony and offers space for a virtual pet memorial.,"mental health, coping, grief",,thriv.life/RainBridge,https://www.rainbowsbridge.com/hello.htm
Reflective Workbook,,Workbook for partners of trans folx.,"LGBTQ, gender identity",,thriv.life/ReflectiveWB,https://www.goodreads.com/book/show/43610689-the-reflective-workbook-for-partners-of-transgender-people
Reproductive Options for Trans People,,This fact sheet offers information about reproductive options for trans people interested in hormone therapy or surgeries.,"LGBTQ, gender identity, health",,thriv.life/T-Repro-Options,https://www.lgbtqhealth.ca/docs/FactSheet-ReproductiveOptionsForTransPeople.pdf
Research Experiences in Solid Earth Science for Students (RESESS),,"RESESS supports interns in summer research experiences at UNAVCO in Boulder, CO, as well as provides professional development opportunities and graduate school application support.","STEMM, education",,thriv.life/RESESS,https://resess.unavco.org/
Resource for Parents and Families of LGBTQ Individuals,,A PDF of resources for parents and families of LGBTQ individuals.,"LGBTQ, parent",,thriv.life/Family-LGBTQ-Res,http://www.ala.org/rt/sites/ala.org.rt/files/content/professionaltools/ResourcesforParentsandFamiliesofLGBTQIndividuals.pdf
Safe2Trans,,An organization that provides free binders to UK individuals 16+ who need them.,"LGBTQ, gender identity, health, aid",UK,thriv.life/Safe2Trans,https://safe2trans.org/
Safety During Protests (Amnesty USA),,An infographic about safely planning for and participating in protests.,general,,thriv.life/ProtestSafety,https://www.amnestyusa.org/pdfs/SafeyDuringProtest_F.pdf
Samaritans,"<a href=""tel:+44116-123"">44.116.123</a>","A 24/7 UK-based suicide hotline that provides services to the UK, Ireland, Scotland, and Wales.",hotline,UK,thriv.life/Samaritans,https://www.samaritans.org/
SAMHSA's A Practioner's Resource Guide: Helping Families to Support Their LGBT Children,,A resource guide about supporting LGBT children.,"LGBTQ, education",,thriv.life/SAMHSA-Families,https://store.samhsa.gov/sites/default/files/d7/priv/pep14-lgbtkids.pdf
SAMHSA's Disaster Distress Helpline,"<a href=""tel:+1800-985-5990"">1.800.985.5990</a> or text TalkWithUs to <a href=""sms:66746&body=TalkWithUs"">66746</a>",Substance Abuse and Mental Health Services Administration offers a 24/7 hotline to support people experiencing emotional distress related to natural or human-caused disasters.,hotline,,thriv.life/SAMHSA-Disaster,https://www.samhsa.gov/find-help/disaster-distress-helpline
SAMHSA's LGBTQ2S Resources,"<a href=""tel:+1800-662-4357"">1.800.662.HELP (4357)</a> or TTY <a href=""tel:+1800-487-4889"">1.800.487.4889</a>","Downloadable PDF that includes a directory submitted by Lori King (Project Director at Tribal Tech, LLC) and Margaret Springe (Deputy Project Manager, Tribal Tech, LLC). There are several Two-Spirit specific resources.","LGBTQ, gender identity, Indigenous",,thriv.life/SAMHSA-LGBTQ2S,https://www.samhsa.gov/sites/default/files/nc-lgbtq2s-resources.pdf
SAMHSA's National Helpline,,SAMHSA offers a 24/7 hotline for treatment referral and information on mental and/or substance abuse disorders. Spanish also available.,hotline,Español,thriv.life/SAMHSA,https://www.samhsa.gov/find-help/national-helpline
Science & Engineering Leadership Initiative (SELI),,"An REU (Research Experience for Undergraduates) program for students with disabilities studying chemistry, biochemistry, or related fields, hosted at the University of Delaware.","STEMM, education, disability, career",,thriv.life/SELI,https://sites.udel.edu/seli-ud/application/
Self-harm Distraction Techniques,,A list of potential coping/distraction techniques separated out by the motivation behind self-harm.,mental health,,thriv.life/SH-Distract,http://www.selfinjury.bctr.cornell.edu/perch/resources/distraction-techniques-pm-2.pdf
Self-help Anxiety Managment App,,An app (iOS and Android) with resources for building a person's anxiety toolkit.,"mental health, app",,thriv.life/SHAM-App,https://sam-app.org.uk/
Sex Addicts Anonymous,,12 step program for overcoming sex addiction -- steps involve G-d.,sexual health,,thriv.life/SexAdAnon,https://saa-recovery.org/
"Sex, etc. (sex ed)",,"Sex education by teens, for teens.","general, sexual health",,thriv.life/SexEtc,https://sexetc.org/
Shape Math,,A technique built for people with dyslexia and dyscalculia for doing written and mental math problems. Offers a free trial and have individual and site licenses.,"disability, education",,thriv.life/ShapeMath,https://shapemath.com/
Significant Opportunities in Atmospheric Research and Science (SOARS),,Undergraduate-to-graduate bridge program designed to broaden participation of historically underrepresented communities in the atmospheric and related sciences.,"STEMM, education",,thriv.life/SOARS,https://soars.ucar.edu/
SIOS: Self-Injury Outreach and Support,,"A non-profit organization providing information and resources about self-injury to people who self-injure, have recovered, or want to help.",mental health,,thriv.life/SIOS,http://sioutreach.org/
Siri Shortcut for Recording Police,,Information about setting up an iPhone shortcut that texts a contact alerting them you've been pulled over and starts recording using the iPhone's front-facing camera.,general,,thriv.life/Siri-Police,https://www.businessinsider.com/ios-12-shortcut-uses-iphone-to-record-police-during-traffic-stop-2018-10
Slader,,A homework help website with step-by-step solutions and a forum for asking questions.,"STEMM, education",,thriv.life/Slader,https://www.slader.com/
SMART Recovery,,Self-help program for addiction recovery,mental health,,thriv.life/SMART,https://www.smartrecovery.org/
Small Steps to Increase Physical Activity,,A PDF with 35 small ways to add physical activities into your regular routines.,"general, health",,thriv.life/PhysicalActivity,https://acewebcontent.azureedge.net/assets/education-resources/lifestyle/fitfacts/pdfs/fitfacts/itemid_3577.pdf
Solace App,,An app (iOS and Android) for identifying one's personal transition goals and making a plan to attain them.,"LGBTQ, gender identity, app",,thriv.life/Solace-App,https://solace.lgbt/
SPART*A,,SPART*A is a group of transgender people who currently serve or have served in the military.,"LGBTQ, gender identity, veteran",,thriv.life/SPARTA,https://spartapride.org/
Stairway to STEM,,Resources for autistic students transitioning from high school to college and enrolled in STEM courses.,"STEMM, education, disability, career",,thriv.life/Stair2STEM,https://www.stairwaytostem.org/
Stand Alone,,"An organization that offers innovative advice and support services for all people experiencing estrangement by providing support groups, therapeutic workshops, and connections with people for ongoing emotional support ",mental health,UK,thriv.life/StandAlone,https://www.standalone.org.uk/
Stand with Trans,,"Support groups for parents of transgender children and trans youth aged 9-22. Also maintains a phone-based support network of Ally Parents that trans*/non-binary/gender-queer or questioning people, as well as parents, can contact for support and affirmation.","LGBTQ, gender identity, support, parent",,thriv.life/StandWithTrans,https://standwithtrans.org/ally-parents/
STEM Graduates,,A recruitment agency and job board for students and graduates in STEM fields in the UK.,"STEMM, career",UK,thriv.life/STEM-Grads,https://www.stemgraduates.co.uk/
Straight for Equality: be not afraid,,A pdf about how to be supportive to those in the GLBT community within faith communities.,"LGBTQ, religion",,thriv.life/Straight4Eq,https://bolt.straightforequality.org/files/Straight%20for%20Equality%20Publications/be-not-afraid-s4e-in-faith-.pdf
Stonewall UK,,UK-based charity that campaigns for the equality of LGBTQ+ people across Britain and abroad.,LGBTQ,UK,thriv.life/StonewallUK,https://www.stonewall.org.uk/
StrongHearts Native Helpline,"<a href=""tel:+1-844-762-8483"">1.844.7NATIVE (762-8483)</a>","An anonymous and confidential helpline for American Indians and Alaska Natives focusing on safe, domestic, dating and sexual violence. 8am-11pm ET","hotline, Indigenous",,thriv.life/StrongHearts,https://www.strongheartshelpline.org/
Summer Research & Prof Development for UndocuSTEM,,A list of opportunities available to undocumented students.,"STEMM, education",,thriv.life/UndocuSTEM,http://www.matthewrcover.com/undocumented-in-stem.html
Switchboard,"<a href=""tel:+44-0300-330-0630"">44.0300.330.0630</a>","Helpline run by LGBTQ+ people in the UK to discuss anything, including sexuality, gender identity, sexual health and emotional wellbeing. Hours: Su-Sa 10:00-22:00 BT.","LGBTQ, hotline",UK,thriv.life/Switchboard,https://switchboard.lgbt/
Sylvia Rivera Law Project,,"Legal-aid organization serving low-income or people of color that are transgender, intersex, or gender non-conforming.","LGBTQ, legal",,thriv.life/SRLP,https://srlp.org/
Tarakai,,An organization that supports mental health in Punjabi communities and includes resources in Punjabi.,"mental health, education",UK,thriv.life/Tarakai,https://www.taraki.co.uk/
Teen Lifeline,"<a href=""tel:+1602-248-8336"">1.602.248.TEEN (8336)</a>",Teen Lifeline's hotline has been a connection of hope for teens in crisis.,"under 18, hotline",,thriv.life/TeenLL,http://www.teenlifeline.org/
Teen Link,"<a href=""tel:+1866-833-6546"">1.866.833.6546</a>","A confidential and anonymous help line for teens. They offer text and call support through the same number, and their website has a chat feature. Hours: M-F evenings 5pm ET-1am ET, Sa/Su 9pm ET-1am ET.","under 18, hotline",,thriv.life/TeenLink,https://www.crisisconnections.org/teen-link/
TGNC Medical Relief Fund,,A crowdfunded organization providing cash relief to trans and gender nonconforming individuals for help with medical costs.,"LGBTQ, gender identity",,thriv.life/TGNC-MedRelief,https://www.tgncmedfund.org/
The Body Is Not an Apology,,"Digital media and education organization run by queer Black women, promotes radical self love, articles about mental illness and disability and sexuality and everything else.",mental health,,thriv.life/BodyNotApology,https://thebodyisnotanapology.com/
The Gender Unicorn,,"The gender unicorn is a graphic that visually distinguishes the following terms: gender identity, gender expression, sex assigned at birth, physical attraction, and emotional attraction.","LGBTQ, gender identity, education",,thriv.life/GenderUnicorn,https://www.transstudent.org/gender
The Indigenous World,,An annual review about the rights and advancement of Indigenous peoples throughout the world.,"Indigenous, legal",,thriv.life/IndigWorld,https://www.iwgia.org/en/resources/indigenous-world.html
The LGBT National Help Center,"<a href=""tel:+1888-843-4564"">1.888.843.4564</a>","The LGBT National Help Center provides telephone, online chat, and email peer-support. They speak with callers of all ages about bullying, workplace issues, HIV/AIDS anxiety, coming out, relationships, safer sex, and more.","LGBTQ, hotline",,thriv.life/LGBT-Help,http://glbtnationalhelpcenter.org
The Mighty,,"A digital community for people to discuss health challenges, including chronic illnesses and disabilities.","disability, health, mental health, support",,thriv.life/TheMighty,https://themighty.com/
The Okra Project,,"A program that seeks to address the global crisis faced by Black Trans people by bringing home cooked, healthy, and culturally specific meals and resources to Black Trans People.","LGBTQ, gender identity",,thriv.life/OkraProject,https://www.theokraproject.com/
The Nina Pop and Tony McDade Free Therapy Fund: CARE LANES,,An emergency mutal aid program by The Okra Project that gives Black Trans Community Members free access to appointments with qualified Black therapists.,"LGBTQ, gender identity, aid",,thriv.life/NPTM-TherapyFund,https://docs.google.com/forms/d/e/1FAIpQLSfbl70ubMkv36-2bRYoX5FGp6oJjYzdyOkRFXg7KQukX8ipAQ/viewform
The PhD Forum,,"A doctoral support group that has an online study room, similar to working virtually in a library.","STEMM, education",,thriv.life/PhD-Forum,https://www.thephdforum.com/
The U.S. Department of State travel advisory for LGBTI travelers,,General information and tips for LGBT people who are travelling outside of the United States.,"LGBTQ, legal",,thriv.life/LGBT-StateDept,https://travel.state.gov/content/travel/en/international-travel/before-you-go/travelers-with-special-considerations/lgbti.html
Therapist Aid Worksheets,,"Free therapy worksheets related to habit forming, CBT, self-esteem, anger, ADHD, managing emotions, and more.",mental health,,thriv.life/TherapistAid,https://www.therapistaid.com/therapy-worksheets
Therapy 4 the People Resource List,,Resource list for finding free and low-cost mental health support created by 3 PhD students in mental health fields.,mental health,,thriv.life/Therapy4Ppl-Res,https://therapy4thepeople.org/
Therapy for Black Girls,,Directory of therapists and a podcast supporting the mental wellness of Black women and girls. Also offers a subscription-based online community.,mental health,,thriv.life/Therapy4BlackGirls,https://therapyforblackgirls.com/
Therapy for Queer People of Color (QPOC),,Directory of therapists across the US with affirming care for Queer People of Color.,"LGBTQ, mental health",,thriv.life/Therapy4QPOC,https://therapyforqpoc.com/
Therapy Tribe,,"Free online support community offers members a convenient and safe place to connect. Groups for: Addicion, Anxiety, Depression, HIV/AIDS,  LGBTQ+, Marriage/Family, OCD, and Teens.",mental health,,thriv.life/TherapyTribe,https://support.therapytribe.com/
THRIVE Lifeline Reading List,,Books about a range of topics. Includes children's titles.,"general, education",,thriv.life/THRIVE-Reading,https://thrivelifeline.org/reading-list.html
THRIVE Lifeline List of STEMM Organizations,,A collection of STEMM organizations and societies.,"STEMM, education, career",,thriv.life/THRIVE-STEMM,https://thrivelifeline.org/STEMM-orgs.html
Thriving Campus,,A directory where students can looks for mental health services in their area.,mental health,,thriv.life/ThrivingCampus,https://www.thrivingcampus.com/
Tips for the Undiagnosed,,Information from the NIH about navigating an undiganosed medical condition. Provides connections to advocacy groups and funding.,"general, health",,thriv.life/UndiagnosedTips,https://rarediseases.info.nih.gov/guides/pages/24/tips-for-the-undiagnosed
Top Surgery Guide,,Directory of surgeons and describes differences between surgical procedures for trans masculine folks.,"LGBTQ, gender identity, health",,thriv.life/TopSurgery,https://www.topsurgery.net/
Trans Folx Fighting Eating Disorders,,List of trans-competent providers and support groups for transgender and gender-diverse people fighting eating disorders. Also offers training resources for healthcare providers.,"LGBTQ, mental health",,thriv.life/TransFolx-ED,https://www.transfolxfightingeds.com/resources
Trans Language Primer,,"A guide to the language of gender, sexuality, accessibility, and acceptance.","LGBTQ, gender identity",,thriv.life/TransLangPrimer,https://www.translanguageprimer.org/
Trans Lifeline,"<a href=""tel:+1877-565-8860"">1.877.565.8860</a>","A 24/7 hotline available in the U.S. and Canada staffed by transgender people for transgender people. Trans Lifeline is primarily for transgender people in a crisis, from struggling with gender identity to thoughts of self-harm. Also offers support in Spanish.","LGBTQ, hotline, gender identity",Español,thriv.life/TransLL,https://www.translifeline.org/
Trans Lifeline Microgrants,,Microgrants intended to help fund legal name and gender marker changes.,"LGBTQ, gender identity, aid",,thriv.life/TransLL-Microgrants,https://www.translifeline.org/microgrants
Trans Masculine and LGBTQ+ Support Groups,,"A monthly support group for trans masculine folks that are 18+ and a monthly support group for 18+ LGBTQ+ folks who meet and discuss that month's topic. There are two times each month to accommodate different schedules. ASL interpreters will be present for the entire meeting, and rev.com's automatic closed captioning will also be turned on.","LGBTQ, gender identity",,thriv.life/TransMascSupport,http://pinkmantaray.com/support
Trans Needles,,"A service providing free and sterile HRT needle supplies to trans folk in the US who cannot access or afford their own. Trans Needles prioritizes the needs of Black Trans people. They also provide harm reduction supplies, such as Narcan and menstrual products.","LGBTQ, gender identity, health",,thriv.life/TransNeedles,https://transneedles.org/supplies
Trans Torah,,Liturgy and educational resources for supporting Jewish people of all genders.,"LGBTQ, religion",,thriv.life/TransTorah,http://www.transtorah.org/index.html
Trans Safe Space,,"An info hub, safe haven, and support system for transgender people and their family, friends, and allies.","LGBTQ, gender identity",,thriv.life/TransSafeSpace,https://transsafespace.network/
TransFamily Support Services ,,TransFamily Support Services guides transgender/non-binary youth and their families through the gender transitioning process to help make it the most positive experience possible.,"LGBTQ, gender identity",,thriv.life/TransFamily,https://www.transfamilysos.org
Transgender Health Injection Guide,,A PDF booklet containing text and image-based descriptions of how to use injectable medication.,"LGBTQ, gender identity, health",,thriv.life/TransHealth-Inject,https://fenwayhealth.org/wp-content/uploads/TH-109_Update-Hormone-Injection-Guide_6_19_2020_FINAL_pages.pdf
Transgender Law Center,,Publications and resources offering information on the more common legal challenges and questions transgender people encounter.,"LGBTQ, gender identity, legal",,thriv.life/TransLawCenter,https://transgenderlawcenter.org/
Transgender Legal - Name Change Project,,"TLDEF's Name Change Project provides pro bono legal name change services to low-income transgender, gender non-conforming, and non-binary people through partnerships with some of the nation's most prestigious law firms and corporate law departments.","LGBTQ, gender identity, legal",,thriv.life/TransLegal-Name,https://transgenderlegal.org/work_show.php?id=7
Trevor - Guide to Being an Ally for T/Enby Youth,,A guide for supporting trans and non-binary youth.,"LGBTQ, education",,thriv.life/Trevor-TransAlly,https://www.thetrevorproject.org/resources/trevor-support-center/a-guide-to-being-an-ally-to-transgender-and-nonbinary-youth/
Trevor LGBTQ + Religion (Faith),,"Some commonly asked questions from queer believers about faith and LGBTQ+ identities, plus a few resource links.","LGBTQ, religion",,thriv.life/Trevor-Religion,https://www.thetrevorproject.org/trvr_support_center/lgbtq-religion/
Trevor Project,"<a href=""tel:+1866-488-7386"">1.866.488.7386</a> or text START to <a href=""sms:678678&body=START"">678-678</a>","A 24/7 non-judgmental hotline with LGBTQ-sensitive trained counselors you can contact through a call, text, or chat during a mental health crisis and/or suicidal thoughts. Available in the United States.","LGBTQ, hotline",,thriv.life/TrevorProject,https://www.thetrevorproject.org/
TrevorSpace,,"Connects LGBTQIA+ youth to peer support and community through online forums, hosted by the Trevor Project. Must be 13-24, must provide email address to join.","LGBTQ, hotline",,thriv.life/TrevorSpace,https://www.trevorspace.org
True Colors LGBT Youth Homelessness 101 Course,,"A free, online course that covers oppression, facts about LGBTQ youth homelessness, gender pronouns, unique experiences of transgender youth, and creating inclusive environments.","LGBTQ, education",,thriv.life/TrueC-Homeless101,https://learn.truecolorsunited.org/courses/lgbt-youth-homelessness-101/
True Colors Sexual Minority Youth and Family Services Resources,,Resouces on LGBT topics.,LGBTQ,,thriv.life/TrueC-Res,https://ourtruecolors.org/resources/
True U Clinic,,"Online transgender and non-binary informed consent clinic serving patients in AZ, CO, IA, ID, ME, MD, MT, NM, NV, OR, and WA. Costs are clearly listed on their website.","LGBTQ, health",,thriv.life/TrueU,https://trueuclinic.com/
Tucking Guidance,,Information for trans feminine and non-binary folks on how to tuck and tucking safety.,"LGBTQ, gender identity",,thriv.life/Tucking,https://www.transhub.org.au/tucking
Two-Spirit /LGBTQ+ Native Americans in Higher Education Resource Guide,,Downloadable PDF of resources of Native Americans and LGBT people.,"LGBTQ, indigenous",,thriv.life/LGBTQ2S-HE,http://architect.lgbtcampus.org/research/two-spirit-lgbtq-native-americans-in-higher-e/download
Two-Spirit Resource Directory,,"Downloadable PDF that includes a directory prepared by Harlan Pruden (Nehiyawe/First Nations Cree), Managing Editor of the Two-Spirit Journal.","LGBTQ, gender identity, Indigenous",,thriv.life/2S-Res,https://twospiritjournal.com/wp-content/uploads/2016/07/Two-Spirit-Resource-Directory-May-2016.pdf
Two-Spirited Podcasts,,Podcasts recorded by Margaret Robinson during a post-doctoral fellowship in Aboriginal Methodologies.,"LGBTQ, gender identity, Indigenous",,thriv.life/2S-Podcasts,https://lgbtqhealth.ca/projects/two-spiritedpodcasts.php
TXT 4 HELP,"Text SAFE to <a href=""sms:44357&body=SAFE"">4HELP (44357)</a>","A 24/7 program by the national Safe Place initiative. Text the word ""SAFE"" and your current location (address, city, state) to 4HELP (44357). They will reply with the location of the closest Safe Place site and the phone number for a local youth agency. You can reply with ""2CHAT"" to text interactively with a trained counselor.","under 18, hotline",,thriv.life/SafePlace,https://www.nationalsafeplace.org/txt-4-help
UCAR Next Generation Fellowships,,"The UCAR Next Generation Fellowships provide financial support for graduate students from underrepresented communities for two years of graduate school and the opportunity to spend two summers in internships with the National Center for Atmospheric Research (NCAR) and the University Corporation for Atmospheric Research (UCAR). The program offers three distinctive tracks: Earth System Science, Diversity & Inclusion, and Public Policy.","STEMM, education, funding",,thriv.life/UCAR,https://www.ucar.edu/opportunities/fellowships/ucar-next-generation-fellowships
UCSF Center of Excellence for Transgender Health,,"Educational resources, best practices, and guidelines for transgender medicine.","LGBTQ, gender identity, health",,thriv.life/UCSF-Trans,https://prevention.ucsf.edu/transhealth
Ulifeline,,"Information about different mental health conditions, advice for helping a friend, and local resources. Also offers a self-evaluator tool for mental illness screenings.",mental health,,thriv.life/Ulifeline,http://www.ulifeline.org/
Undergrad in the Lab,,A blog with resources for joining and thriving in a research group.,"STEMM, education",,thriv.life/UG-Lab,https://undergradinthelab.com/
United We Dream,,Organization with tools and resource guides for people covered by DACA (DREAMers).,general,,thriv.life/UnitedWeDream,https://unitedwedream.org/
Unpaywall,,A browser extension that can find free and legal copies of journal articles and academic works published behind a paywall.,"STEMM, education",,thriv.life/Unpaywall,https://unpaywall.org/
UpLift App,,"This iOS app helps you learn skills related to mood and anxiety, from journals, to navigating triggers and more.","mental health, app",,thriv.life/UpLift,https://www.uplift.app/
US Pain Resource List,,"A categorical resource list pertaining to pain management, including population specific resources.","disability, health, veteran",,thriv.life/USPainRes,https://uspainfoundation.org/resources/
Verse A Day App,,An app (iOS and Android) that delivers a new Bible verse each day with commentary.,"religion, app",,thriv.life/VerseADay,http://www.verse-a-day.com/apps/
Veterans Crisis Line,"<a href=""tel:+1800-273-8255p1"">1.800.273.8255 and press 1</a>",A crisis hotline for veterans and those who are concerned about one. Text is also available.,"mental health, hotline, veteran",,thriv.life/VetCrisis,https://www.veteranscrisisline.net/
Veterans Moving Forward,,Provides service dogs and canine therapy services to veterans with physical and/or mental health challenges.,"veteran, mental health, disability",,thriv.life/VetsFwd,https://vetsfwd.org/
VSchool - You Belong in Tech Scholarship,,"A 100% tuition paid scholarship program for online web development and UX/UI design programs available for people of color, women, LGBTQ+, refugees, veterans, and those in financial hardships.","STEMM, funding",,thriv.life/VSchool-Schol,https://vschool.io/scholarships/you-belong-in-tech/
WANA: We Are Not Alone,,"An app-based (iOS and Android) social community for fostering hope, direction, and healing for people with chronic and invisible health conditions.","disability, support, app",,thriv.life/WANA,https://www.joinwana.com/
Washington Internships for Students of Engineering (WISE),,"Students discover how government officials make decisions on complex technological issues, while also learning how engineers and scientists can contribute to the legislative process and regulatory decision-making","STEMM, education",,thriv.life/WISE,https://wise-intern.org/
We R Native,,Resources by Native youth for Native youth on a wide range of topics.,"general, health, mental health, Indigenous",,thriv.life/WeRNative,https://www.wernative.org/
Woebot,,Free app (iOS/Android) for conversations and cognitive behavioral therapy (CBT).,"mental health, app",,thriv.life/Woebot,https://woebot.io
Workplaces Respond,,"Resources for survivors, employers, coworkers, and advocates on workplace domestic violence, sexual assault, sexual harassment, and stalking.",general,,thriv.life/WorkRespond,https://www.workplacesrespond.org/
World Health Organization,,Addresses health topics to inform individuals.,COVID-19,,thriv.life/WHO,https://www.who.int/
World Professional Association for Transgender Health,,"WPATH has resources, publications, and news about transgender health.","LGBTQ, gender identity, health",,thriv.life/WPATH,https://www.wpath.org/
Yoga for Depression,,A website with a list of yoga poses to boost feel-good endorphins for depression.,"mental health, coping",,thriv.life/Yoga4Depres,https://www.yogajournal.com/poses/yoga-by-benefit/depression
# test,"<a href=""tel:+1555-555-5555"">1.555.555.5555</a>",,,,thriv.life/,"<a href=""SITE-LINK"" target=""_blank"">LIST-NAME</a>"